{
  "project_info": {
    "project_number": "92501786246",
    "project_id": "my-capstone-auth",
    "storage_bucket": "my-capstone-auth.appspot.com"
  },
  "client": [
    {
      "client_info": {
        "mobilesdk_app_id": "1:92501786246:android:931cd5ed7fb5aee08e5b07",
        "android_client_info": {
          "package_name": "com.example.imageclassification"
        }
      },
      "oauth_client": [
        {
          "client_id": "92501786246-tadj7qv8tjkackik7sti4pdga6ps65ms.apps.googleusercontent.com",
          "client_type": 1,
          "android_info": {
            "package_name": "com.example.imageclassification",
            "certificate_hash": "3061eea6c141b8dcf0a7dd90ac36eb69792ca5fd"
          }
        },
        {
          "client_id": "92501786246-mi95ajuavo33ar8skf3asses1pigjd4q.apps.googleusercontent.com",
          "client_type": 3
        }
      ],
      "api_key": [
        {
          "current_key": "AIzaSyARiCKXj130YCRGO4RmIZzTBIzS-VJ_12o"
        }
      ],
      "services": {
        "appinvite_service": {
          "other_platform_oauth_client": [
            {
              "client_id": "92501786246-mi95ajuavo33ar8skf3asses1pigjd4q.apps.googleusercontent.com",
              "client_type": 3
            }
          ]
        }
      }
    }
  ],
  "configuration_version": "1"
}